trade_date,index_name,close_value
2025-01-02,SYNTH_KOSPI,1000.0
2025-01-03,SYNTH_KOSPI,994.68
2025-01-06,SYNTH_KOSPI,993.6
2025-01-07,SYNTH_KOSPI,993.64
2025-01-08,SYNTH_KOSPI,998.72
2025-01-09,SYNTH_KOSPI,997.95
2025-01-10,SYNTH_KOSPI,1003.37
2025-01-13,SYNTH_KOSPI,1004.58
2025-01-14,SYNTH_KOSPI,1004.35
2025-01-15,SYNTH_KOSPI,1005.56
2025-01-16,SYNTH_KOSPI,1000.33
2025-01-17,SYNTH_KOSPI,1002.99
2025-01-20,SYNTH_KOSPI,1006.21
2025-01-21,SYNTH_KOSPI,999.4
2025-01-22,SYNTH_KOSPI,1000.93
2025-01-23,SYNTH_KOSPI,1012.87
2025-01-24,SYNTH_KOSPI,1012.81
2025-01-27,SYNTH_KOSPI,1010.05
2025-01-28,SYNTH_KOSPI,1010.73
2025-01-29,SYNTH_KOSPI,1011.21
2025-01-30,SYNTH_KOSPI,1004.94
2025-01-31,SYNTH_KOSPI,996.48
2025-02-03,SYNTH_KOSPI,999.92
2025-02-04,SYNTH_KOSPI,1002.68
2025-02-05,SYNTH_KOSPI,998.56
2025-02-06,SYNTH_KOSPI,999.74
2025-02-07,SYNTH_KOSPI,997.9
2025-02-10,SYNTH_KOSPI,996.46
2025-02-11,SYNTH_KOSPI,994.24
2025-02-12,SYNTH_KOSPI,1000.19
2025-02-13,SYNTH_KOSPI,999.46
2025-02-14,SYNTH_KOSPI,1002.16
2025-02-17,SYNTH_KOSPI,1002.88
2025-02-18,SYNTH_KOSPI,1000.34
2025-02-19,SYNTH_KOSPI,1005.34
2025-02-20,SYNTH_KOSPI,999.15
2025-02-21,SYNTH_KOSPI,999.56
2025-02-24,SYNTH_KOSPI,999.57
2025-02-25,SYNTH_KOSPI,995.46
2025-02-26,SYNTH_KOSPI,995.99
2025-02-27,SYNTH_KOSPI,988.02
2025-02-28,SYNTH_KOSPI,984.28
2025-03-03,SYNTH_KOSPI,984.35
2025-03-04,SYNTH_KOSPI,978.88
2025-03-05,SYNTH_KOSPI,976.95
2025-03-06,SYNTH_KOSPI,976.86
2025-03-07,SYNTH_KOSPI,978.09
2025-03-10,SYNTH_KOSPI,974.16
2025-03-11,SYNTH_KOSPI,968.18
2025-03-12,SYNTH_KOSPI,972.01
2025-03-13,SYNTH_KOSPI,973.49
2025-03-14,SYNTH_KOSPI,979.07
2025-03-17,SYNTH_KOSPI,976.31
2025-03-18,SYNTH_KOSPI,972.09
2025-03-19,SYNTH_KOSPI,972.34
2025-03-20,SYNTH_KOSPI,958.52
2025-03-21,SYNTH_KOSPI,956.28
2025-03-24,SYNTH_KOSPI,951.56
2025-03-25,SYNTH_KOSPI,953.92
2025-03-26,SYNTH_KOSPI,958.67
2025-03-27,SYNTH_KOSPI,956.42
2025-03-28,SYNTH_KOSPI,955.05
2025-03-31,SYNTH_KOSPI,956.36
2025-04-01,SYNTH_KOSPI,955.29
2025-04-02,SYNTH_KOSPI,953.88
2025-04-03,SYNTH_KOSPI,957.9
2025-04-04,SYNTH_KOSPI,958.76
2025-04-07,SYNTH_KOSPI,957.25
2025-04-08,SYNTH_KOSPI,953.0
2025-04-09,SYNTH_KOSPI,946.65
2025-04-10,SYNTH_KOSPI,943.76
2025-04-11,SYNTH_KOSPI,936.09
2025-04-14,SYNTH_KOSPI,940.45
2025-04-15,SYNTH_KOSPI,938.71
2025-04-16,SYNTH_KOSPI,939.27
2025-04-17,SYNTH_KOSPI,940.97
2025-04-18,SYNTH_KOSPI,940.84
2025-04-21,SYNTH_KOSPI,939.72
2025-04-22,SYNTH_KOSPI,941.35
2025-04-23,SYNTH_KOSPI,946.55
2025-04-24,SYNTH_KOSPI,947.89
2025-04-25,SYNTH_KOSPI,947.63
2025-04-28,SYNTH_KOSPI,950.28
2025-04-29,SYNTH_KOSPI,951.81
2025-04-30,SYNTH_KOSPI,955.36
2025-05-01,SYNTH_KOSPI,955.03
2025-05-02,SYNTH_KOSPI,952.85
2025-05-05,SYNTH_KOSPI,953.82
2025-05-06,SYNTH_KOSPI,960.23
2025-05-07,SYNTH_KOSPI,953.21
2025-05-08,SYNTH_KOSPI,954.45
2025-05-09,SYNTH_KOSPI,956.73
2025-05-12,SYNTH_KOSPI,956.99
2025-05-13,SYNTH_KOSPI,956.65
2025-05-14,SYNTH_KOSPI,960.1
2025-05-15,SYNTH_KOSPI,955.97
2025-05-16,SYNTH_KOSPI,955.0
2025-05-19,SYNTH_KOSPI,953.74
2025-05-20,SYNTH_KOSPI,953.45
2025-05-21,SYNTH_KOSPI,957.31
2025-05-22,SYNTH_KOSPI,959.18
2025-05-23,SYNTH_KOSPI,964.02
2025-05-26,SYNTH_KOSPI,961.92
2025-05-27,SYNTH_KOSPI,963.16
2025-05-28,SYNTH_KOSPI,964.83
2025-05-29,SYNTH_KOSPI,966.89
2025-05-30,SYNTH_KOSPI,965.37
2025-06-02,SYNTH_KOSPI,968.3
2025-06-03,SYNTH_KOSPI,970.26
2025-06-04,SYNTH_KOSPI,975.97
2025-06-05,SYNTH_KOSPI,975.13
2025-06-06,SYNTH_KOSPI,966.82
2025-06-09,SYNTH_KOSPI,964.35
2025-06-10,SYNTH_KOSPI,964.87
2025-06-11,SYNTH_KOSPI,970.79
2025-06-12,SYNTH_KOSPI,974.42
2025-06-13,SYNTH_KOSPI,976.85
2025-06-16,SYNTH_KOSPI,980.46
2025-06-17,SYNTH_KOSPI,983.19
2025-06-18,SYNTH_KOSPI,983.99
2025-06-19,SYNTH_KOSPI,984.01
2025-06-20,SYNTH_KOSPI,994.74
2025-06-23,SYNTH_KOSPI,990.99
2025-06-24,SYNTH_KOSPI,996.65
2025-06-25,SYNTH_KOSPI,997.16
2025-06-26,SYNTH_KOSPI,1002.55
2025-06-27,SYNTH_KOSPI,996.55
2025-06-30,SYNTH_KOSPI,993.65
2025-07-01,SYNTH_KOSPI,998.35
2025-07-02,SYNTH_KOSPI,997.36
2025-07-03,SYNTH_KOSPI,1002.66
2025-07-04,SYNTH_KOSPI,1000.19
2025-07-07,SYNTH_KOSPI,998.54
2025-07-08,SYNTH_KOSPI,996.86
2025-07-09,SYNTH_KOSPI,1002.53
2025-07-10,SYNTH_KOSPI,1002.14
2025-07-11,SYNTH_KOSPI,1006.2
2025-07-14,SYNTH_KOSPI,1003.38
2025-07-15,SYNTH_KOSPI,1005.28
2025-07-16,SYNTH_KOSPI,1001.75
2025-07-17,SYNTH_KOSPI,1004.28
2025-07-18,SYNTH_KOSPI,1005.99
2025-07-21,SYNTH_KOSPI,1008.04
2025-07-22,SYNTH_KOSPI,1011.19
2025-07-23,SYNTH_KOSPI,1010.79
2025-07-24,SYNTH_KOSPI,1011.44
2025-07-25,SYNTH_KOSPI,1015.49
2025-07-28,SYNTH_KOSPI,1006.73
2025-07-29,SYNTH_KOSPI,1005.02
2025-07-30,SYNTH_KOSPI,1000.87
2025-07-31,SYNTH_KOSPI,1004.79
2025-08-01,SYNTH_KOSPI,997.97
2025-08-04,SYNTH_KOSPI,997.32
2025-08-05,SYNTH_KOSPI,992.69
2025-08-06,SYNTH_KOSPI,988.47
2025-08-07,SYNTH_KOSPI,984.27
2025-08-08,SYNTH_KOSPI,984.21
2025-08-11,SYNTH_KOSPI,982.0
2025-08-12,SYNTH_KOSPI,976.23
2025-08-13,SYNTH_KOSPI,979.33
2025-08-14,SYNTH_KOSPI,982.83
2025-08-15,SYNTH_KOSPI,979.57
2025-08-18,SYNTH_KOSPI,978.26
2025-08-19,SYNTH_KOSPI,970.97
2025-08-20,SYNTH_KOSPI,964.21
2025-08-21,SYNTH_KOSPI,960.74
2025-08-22,SYNTH_KOSPI,959.35
2025-08-25,SYNTH_KOSPI,962.17
2025-08-26,SYNTH_KOSPI,957.77
2025-08-27,SYNTH_KOSPI,950.8
2025-08-28,SYNTH_KOSPI,945.22
2025-08-29,SYNTH_KOSPI,946.88
2025-09-01,SYNTH_KOSPI,956.16
2025-09-02,SYNTH_KOSPI,953.84
2025-09-03,SYNTH_KOSPI,949.36
2025-09-04,SYNTH_KOSPI,951.07
2025-09-05,SYNTH_KOSPI,945.63
2025-09-08,SYNTH_KOSPI,951.22
2025-09-09,SYNTH_KOSPI,949.24
2025-09-10,SYNTH_KOSPI,947.25
2025-09-11,SYNTH_KOSPI,942.98
2025-09-12,SYNTH_KOSPI,939.7
2025-09-15,SYNTH_KOSPI,938.15
2025-09-16,SYNTH_KOSPI,936.67
2025-09-17,SYNTH_KOSPI,939.62
2025-09-18,SYNTH_KOSPI,939.02
2025-09-19,SYNTH_KOSPI,937.6
2025-09-22,SYNTH_KOSPI,940.98
2025-09-23,SYNTH_KOSPI,946.59
2025-09-24,SYNTH_KOSPI,949.48
2025-09-25,SYNTH_KOSPI,952.93
2025-09-26,SYNTH_KOSPI,946.37
2025-09-29,SYNTH_KOSPI,945.2
2025-09-30,SYNTH_KOSPI,948.38
2025-10-01,SYNTH_KOSPI,944.51
2025-10-02,SYNTH_KOSPI,938.19
2025-10-03,SYNTH_KOSPI,937.89
2025-10-06,SYNTH_KOSPI,934.66
2025-10-07,SYNTH_KOSPI,936.92
2025-10-08,SYNTH_KOSPI,939.72
2025-10-09,SYNTH_KOSPI,938.57
2025-10-10,SYNTH_KOSPI,947.65
2025-10-13,SYNTH_KOSPI,957.38
2025-10-14,SYNTH_KOSPI,961.86
2025-10-15,SYNTH_KOSPI,962.85
2025-10-16,SYNTH_KOSPI,961.12
2025-10-17,SYNTH_KOSPI,956.75
2025-10-20,SYNTH_KOSPI,960.9
2025-10-21,SYNTH_KOSPI,961.3
2025-10-22,SYNTH_KOSPI,966.19
2025-10-23,SYNTH_KOSPI,970.39
2025-10-24,SYNTH_KOSPI,979.86
2025-10-27,SYNTH_KOSPI,980.18
2025-10-28,SYNTH_KOSPI,974.6
2025-10-29,SYNTH_KOSPI,974.35
2025-10-30,SYNTH_KOSPI,974.74
2025-10-31,SYNTH_KOSPI,982.26
2025-11-03,SYNTH_KOSPI,989.04
2025-11-04,SYNTH_KOSPI,998.68
2025-11-05,SYNTH_KOSPI,1004.66
2025-11-06,SYNTH_KOSPI,1013.35
2025-11-07,SYNTH_KOSPI,1017.93
2025-11-10,SYNTH_KOSPI,1015.98
2025-11-11,SYNTH_KOSPI,1012.47
2025-11-12,SYNTH_KOSPI,1015.16
2025-11-13,SYNTH_KOSPI,1015.04
2025-11-14,SYNTH_KOSPI,1015.62
2025-11-17,SYNTH_KOSPI,1011.68
2025-11-18,SYNTH_KOSPI,1005.8
2025-11-19,SYNTH_KOSPI,1014.23
2025-11-20,SYNTH_KOSPI,1019.66
2025-11-21,SYNTH_KOSPI,1009.37
2025-11-24,SYNTH_KOSPI,1006.33
2025-11-25,SYNTH_KOSPI,1001.08
2025-11-26,SYNTH_KOSPI,998.04
2025-11-27,SYNTH_KOSPI,997.83
2025-11-28,SYNTH_KOSPI,996.25
2025-12-01,SYNTH_KOSPI,991.85
2025-12-02,SYNTH_KOSPI,990.34
2025-12-03,SYNTH_KOSPI,986.95
2025-12-04,SYNTH_KOSPI,993.07
2025-12-05,SYNTH_KOSPI,991.7
2025-12-08,SYNTH_KOSPI,993.08
2025-12-09,SYNTH_KOSPI,997.2
2025-12-10,SYNTH_KOSPI,1003.39
2025-12-11,SYNTH_KOSPI,1006.71
2025-12-12,SYNTH_KOSPI,1000.48
2025-12-15,SYNTH_KOSPI,997.72
2025-12-16,SYNTH_KOSPI,996.79
2025-12-17,SYNTH_KOSPI,999.13
2025-12-18,SYNTH_KOSPI,1001.54
2025-12-19,SYNTH_KOSPI,997.87
